Model,RMSE,MAE,R2,Bias,PCC
LightGBM,52.70061508483142,16.792244078377603,0.7254950419846502,-0.5357154477590895,0.8534559544709487
XGBoost,54.13520219956235,17.533470153808594,0.7103468179702759,-0.409064382314682,0.8444138202871854
RandomForest,55.34672677991822,15.978585689206385,0.6972370638880359,0.746721314092221,0.8354479026060642
Linear,89.5509337837955,43.98218160637509,0.2073908849592735,2.7920697028967147,0.45635639261015054
