subregion,RMSE,MAE,Bias,R2,PCC,n
Arid Rajasthan,44.808796,16.953184,-5.9235845,0.6376101,0.819129402319376,60000
Indo-Gangetic,62.388775,30.679043,-2.7507207,0.71163476,0.8472711753260334,124800
Northeast India,120.7683,52.583736,-5.590516,0.63742447,0.8092014520200005,91872
Other,34.735847,10.802068,0.060442623,0.7409581,0.862673983668369,1183872
Peninsular India,60.310863,26.637573,-0.30090064,0.5933597,0.7704947429498423,104544
Western Ghats,114.98227,44.644688,6.172439,0.70677805,0.8413758052231096,80832
