season,RMSE,MAE,Bias,R2,PCC,n
JF,14.515424,5.6936164,0.8644243,0.44543594,0.6811761704276408,274320
JJAS,83.40474,32.95188,-1.4142962,0.71550965,0.847348942182111,548640
MAM,36.732986,11.047852,-1.2627417,0.55763215,0.7621441698969255,411480
OND,30.944542,11.354453,0.9359298,0.5299566,0.7292684696416539,411480
