ROC_AUC,PR_AUC,F1_rate_matched,base_rate,n_test
0.8619796430463449,0.16089042294290468,0.2484020469895437,0.015387016023566399,4844864
